Version,Model,Accuracy,Precision,Recall,F1
Baseline,Decision Tree (baseline),0.5244299674267101,0.4090909090909091,0.39919354838709675,0.40408163265306124
Baseline,KNN (baseline),0.5342019543973942,0.3956043956043956,0.2903225806451613,0.33488372093023255
Baseline,Random Forest (baseline),0.5602605863192183,0.39622641509433965,0.1693548387096774,0.23728813559322035
Tuned,Decision Tree (tuned),0.5276872964169381,0.40789473684210525,0.375,0.3907563025210084
Tuned,KNN (tuned),0.5179153094462541,0.39473684210526316,0.3629032258064516,0.37815126050420167
Tuned,Random Forest (tuned),0.5651465798045603,0.40594059405940597,0.16532258064516128,0.2349570200573066
